seed,model,valid_mse
2026,hybrid,224941.0153632744
2026,transformer,225111.95775391746
2027,hybrid,230859.0620613323
2027,transformer,223697.51747420424
2028,hybrid,227602.67136638425
2028,transformer,223575.4459706687
2029,hybrid,228871.78466238632
2029,transformer,224164.35531612753
2030,hybrid,223519.90279057968
2030,transformer,223904.82318282482
