{
  "90_mse_improvement_pct": 1.1092861347986684,
  "90_mae_improvement_pct": 0.3558660472967784,
  "365_mse_improvement_pct": 13.760234516106784,
  "365_mae_improvement_pct": 8.246746762506278,
  "90_dmsaformer_median_abs_error": 239.59183138955768,
  "90_hybrid_median_abs_error": 238.56621757404832,
  "90_lstm_median_abs_error": 249.65999115692898,
  "90_transformer_median_abs_error": 245.01887045367357,
  "365_dmsaformer_median_abs_error": 328.05809186740044,
  "365_hybrid_median_abs_error": 421.3942622515285,
  "365_lstm_median_abs_error": 366.8627526211121,
  "365_transformer_median_abs_error": 484.33897352978215,
  "90_dmsa_step_mae_start": 302.2702771541868,
  "90_dmsa_step_mae_end": 299.7049890673305,
  "365_dmsa_step_mae_start": 341.4604465950885,
  "365_dmsa_step_mae_end": 391.8547471015353,
  "90_dmsa_v1_to_final_mse_reduction_pct": 24.20119788264908,
  "90_dmsa_v2_to_final_mse_reduction_pct": 3.525484234786491,
  "90_dmsa_final_vs_best_baseline_mse_reduction_pct": 1.1092861347986684,
  "365_dmsa_v1_to_final_mse_reduction_pct": 31.583603126444835,
  "365_dmsa_v2_to_final_mse_reduction_pct": 21.70602354317865,
  "365_dmsa_final_vs_best_baseline_mse_reduction_pct": 13.760234516106784
}