{
  "90_mse_improvement_pct": -4.133013344519908,
  "90_mae_improvement_pct": -2.3158965037221053,
  "365_mse_improvement_pct": 6.795350031041515,
  "365_mae_improvement_pct": 3.6111400741330817,
  "90_dmsaformer_median_abs_error": 247.42455504481313,
  "90_lstm_median_abs_error": 249.65999115692898,
  "90_transformer_median_abs_error": 245.01887045367357,
  "365_dmsaformer_median_abs_error": 349.7910715090502,
  "365_lstm_median_abs_error": 366.8627526211121,
  "365_transformer_median_abs_error": 484.33897352978215,
  "90_dmsa_step_mae_start": 308.1389282511544,
  "90_dmsa_step_mae_end": 310.44576181862635,
  "365_dmsa_step_mae_start": 352.33425125312203,
  "365_dmsa_step_mae_end": 385.0683750251192,
  "90_dmsa_v1_to_final_mse_reduction_pct": 19.670732909784654,
  "90_dmsa_v2_to_final_mse_reduction_pct": -2.240760115245359,
  "90_dmsa_final_vs_best_baseline_mse_reduction_pct": -4.133013344519908,
  "365_dmsa_v1_to_final_mse_reduction_pct": 26.058167169668156,
  "365_dmsa_v2_to_final_mse_reduction_pct": 15.382855816104687,
  "365_dmsa_final_vs_best_baseline_mse_reduction_pct": 6.795350031041515
}