Model,Horizon,MSE mean,MSE std,MAE mean,MAE std,Runs
dmsaformer,90,153907.01517492364,2207.871584410503,301.13006401882996,2.396920362158104,5
hybrid,90,155633.43529374804,3504.5481381652644,302.2055108249157,2.7258199758322283,5
lstm,90,163266.74221521177,1593.567804286565,312.4480745328251,2.1653464427886595,5
transformer,90,156632.34211447107,3657.4758274881337,305.30122480865856,4.984317240120299,5
dmsaformer,365,272821.2770886129,7078.781162634115,409.5850347792284,5.896561353759036,5
hybrid,365,368574.7524769174,43798.405206516676,491.5803610830664,35.24857141137102,5
lstm,365,316352.0628306521,16271.97441712665,446.3983786155901,12.25954441815422,5
transformer,365,442238.9403701717,45530.65816373159,545.8184045768119,32.605792048272384,5
